{
    "appShortName":"Bizzo MX-PWA",
    "appName" :"Bizzo MX-PWA Boilerplate",
    "deploymentFolderPath": "./deployment/web",
    "extentionsToBeCached":["html","js","css","svg","png","jpg"],
    "sourceFolderPath":"./theme",
    "themeColor" : "#000000",
    "backgroundColor":"#ffffff",
    "appIcons":[
        {"img_512":"https://raw.githubusercontent.com/bizzomate/Bizzo-PWA/master/static/lab_512.png"},
        {"img_192":"https://raw.githubusercontent.com/bizzomate/Bizzo-PWA/master/static/lab_192.png"},
        {"img_128":"https://raw.githubusercontent.com/bizzomate/Bizzo-PWA/master/static/lab_128.png"}
    ],
    "offlineEnabled" : false
}